panel	page	chapter	register	type	route	strings	longest	text_chars
001-01	001	prologue	incident	text-light	local	1	13	13
001-02	001	prologue	incident	diagram	structure	1	5	5
001-03	001	prologue	incident	diagram	structure	0	0	0
001-04	001	prologue	incident	diagram	structure	0	0	0
001-05	001	prologue	incident	diagram	structure	0	0	0
002-01	002	prologue	incident	diagram	structure	0	0	0
002-02	002	prologue	incident	scene	local	0	0	0
002-03	002	prologue	incident	scene	local	0	0	0
002-04	002	prologue	incident	scene	local	0	0	0
002-05	002	prologue	incident	scene	local	0	0	0
003-01	003	prologue	incident	diagram	structure	0	0	0
003-02	003	prologue	incident	diagram	structure	0	0	0
003-03	003	prologue	incident	scene	local	0	0	0
003-04	003	prologue	incident	scene	local	0	0	0
003-05	003	prologue	incident	text-light	local	1	13	13
004-01	004	prologue	incident	text-light	local	1	13	13
004-02	004	prologue	incident	diagram	structure	0	0	0
004-03	004	prologue	incident	diagram	structure	0	0	0
004-04	004	prologue	incident	text-light	local	1	13	13
004-05	004	prologue	incident	text-light	local	1	9	9
005-01	005	prologue	incident	scene	local	0	0	0
005-02	005	prologue	incident	scene	local	0	0	0
005-03	005	prologue	incident	scene	local	0	0	0
005-04	005	prologue	incident	text-light	local	1	2	2
005-05	005	prologue	incident	diagram	structure	0	0	0
006-01	006	prologue	incident	scene	local	0	0	0
007-01	007	prologue	incident	scene	local	0	0	0
008-01	008	prologue	incident	text-light	local	2	6	11
008-02	008	prologue	incident	diagram	structure	0	0	0
008-03	008	prologue	incident	text-light	local	1	6	6
008-04	008	prologue	incident	scene	local	0	0	0
008-05	008	prologue	incident	scene	local	0	0	0
009-01	009	prologue	incident	text-light	local	1	14	14
009-02	009	prologue	incident	scene	local	0	0	0
009-03	009	prologue	incident	diagram	structure	0	0	0
009-04	009	prologue	incident	text-light	local	1	14	14
009-05	009	prologue	incident	diagram	structure	0	0	0
010-01	010	prologue	incident	text-heavy	text-fidelity	1	19	19
010-02	010	prologue	incident	dossier	structure	0	0	0
010-03	010	prologue	incident	text-heavy	text-fidelity	2	23	43
010-04	010	prologue	incident	diagram	structure	0	0	0
010-05	010	prologue	incident	text-light	local	3	10	22
011-01	011	prologue	incident	scene	local	0	0	0
011-02	011	prologue	incident	scene	local	0	0	0
011-03	011	prologue	incident	scene	local	0	0	0
011-04	011	prologue	incident	scene	local	0	0	0
011-05	011	prologue	incident	scene	local	0	0	0
012-01	012	prologue	incident	scene	local	0	0	0
012-02	012	prologue	incident	diagram	structure	0	0	0
012-03	012	prologue	incident	scene	local	0	0	0
012-04	012	prologue	incident	scene	local	0	0	0
012-05	012	prologue	incident	diagram	structure	0	0	0
012-06	012	prologue	incident	text-light	local	1	2	2
013-01	013	prologue	creator	portrait	reference	0	0	0
013-02	013	prologue	creator	portrait	reference	0	0	0
013-03	013	prologue	creator	portrait	reference	0	0	0
013-04	013	prologue	creator	portrait	reference	0	0	0
013-05	013	prologue	creator	portrait	reference	0	0	0
014-01	014	prologue	creator	portrait	reference	0	0	0
014-02	014	prologue	creator	portrait	reference	0	0	0
014-03	014	prologue	creator	text-heavy	text-fidelity	4	17	54
014-04	014	prologue	creator	portrait	reference	1	13	13
014-05	014	prologue	creator	portrait	reference	0	0	0
015-01	015	prologue	creator	portrait	reference	3	24	50
015-02	015	prologue	creator	scene	local	0	0	0
015-03	015	prologue	creator	portrait	reference	0	0	0
015-04	015	prologue	creator	scene	local	0	0	0
015-05	015	prologue	creator	portrait	reference	1	13	13
016-01	016	01	incident	text-light	local	4	7	19
016-02	016	01	incident	scene	local	0	0	0
016-03	016	01	incident	diagram	structure	0	0	0
016-04	016	01	incident	text-heavy	text-fidelity	2	23	35
016-05	016	01	incident	figure	figures	0	0	0
017-01	017	01	incident	dossier	structure	0	0	0
017-02	017	01	incident	diagram	structure	0	0	0
017-03	017	01	incident	scene	local	0	0	0
017-04	017	01	incident	diagram	structure	0	0	0
017-05	017	01	incident	scene	local	0	0	0
018-01	018	01	incident	diagram	structure	0	0	0
018-02	018	01	incident	diagram	structure	0	0	0
018-03	018	01	incident	scene	local	0	0	0
018-04	018	01	incident	dossier	structure	0	0	0
018-05	018	01	incident	diagram	structure	0	0	0
019-01	019	01	incident	scene	local	0	0	0
019-02	019	01	incident	scene	local	0	0	0
019-03	019	01	incident	scene	local	0	0	0
019-04	019	01	incident	scene	local	0	0	0
019-05	019	01	incident	scene	local	0	0	0
020-01	020	01	incident	scene	local	0	0	0
020-02	020	01	incident	scene	local	0	0	0
020-03	020	01	incident	text-heavy	text-fidelity	1	17	17
020-04	020	01	incident	scene	local	0	0	0
020-05	020	01	incident	scene	local	0	0	0
021-01	021	01	incident	dossier	structure	0	0	0
021-02	021	01	incident	scene	local	0	0	0
021-03	021	01	incident	text-heavy	text-fidelity	1	17	17
021-04	021	01	incident	scene	local	0	0	0
021-05	021	01	incident	scene	local	0	0	0
022-01	022	01	incident	dossier	structure	0	0	0
022-02	022	01	incident	scene	local	0	0	0
022-03	022	01	incident	scene	local	0	0	0
022-04	022	01	incident	scene	local	0	0	0
022-05	022	01	incident	scene	local	0	0	0
023-01	023	01	incident	scene	local	0	0	0
023-02	023	01	incident	scene	local	0	0	0
023-03	023	01	incident	scene	local	0	0	0
023-04	023	01	incident	diagram	structure	0	0	0
023-05	023	01	incident	scene	local	0	0	0
024-01	024	01	incident	scene	local	0	0	0
024-02	024	01	incident	scene	local	0	0	0
024-03	024	01	incident	scene	local	0	0	0
024-04	024	01	incident	text-light	local	1	6	6
024-05	024	01	incident	scene	local	0	0	0
025-01	025	01	incident	figure	figures	0	0	0
025-02	025	01	incident	scene	local	0	0	0
025-03	025	01	incident	figure	figures	0	0	0
025-04	025	01	incident	figure	figures	0	0	0
025-05	025	01	incident	figure	figures	0	0	0
026-01	026	01	institutional	figure	figures	0	0	0
026-02	026	01	institutional	scene	local	0	0	0
026-03	026	01	institutional	diagram	structure	0	0	0
026-04	026	01	institutional	text-heavy	text-fidelity	3	13	36
026-05	026	01	institutional	text-light	local	1	9	9
027-01	027	01	institutional	figure	figures	0	0	0
027-02	027	01	institutional	figure	figures	0	0	0
027-03	027	01	institutional	figure	figures	1	9	9
027-04	027	01	institutional	scene	local	0	0	0
027-05	027	01	institutional	figure	figures	0	0	0
028-01	028	01	incident	scene	local	0	0	0
028-02	028	01	incident	scene	local	0	0	0
028-03	028	01	incident	scene	local	0	0	0
028-04	028	01	incident	figure	figures	0	0	0
028-05	028	01	incident	text-heavy	text-fidelity	1	19	19
028-06	028	01	incident	scene	local	0	0	0
029-01	029	01	incident	figure	figures	0	0	0
029-02	029	01	incident	scene	local	0	0	0
029-03	029	01	incident	scene	local	0	0	0
029-04	029	01	incident	scene	local	0	0	0
030-01	030	02	incident	scene	local	0	0	0
030-02	030	02	incident	scene	local	0	0	0
030-03	030	02	incident	scene	local	0	0	0
030-04	030	02	incident	text-heavy	text-fidelity	1	18	18
030-05	030	02	incident	scene	local	0	0	0
031-01	031	02	incident	dossier	structure	1	7	7
031-02	031	02	incident	dossier	structure	1	14	14
031-03	031	02	incident	text-light	local	2	5	9
031-04	031	02	incident	diagram	structure	0	0	0
031-05	031	02	incident	scene	local	0	0	0
032-01	032	02	incident	scene	local	0	0	0
032-02	032	02	incident	scene	local	0	0	0
032-03	032	02	incident	scene	local	0	0	0
032-04	032	02	incident	scene	local	0	0	0
032-05	032	02	incident	scene	local	0	0	0
033-01	033	02	incident	scene	local	0	0	0
033-02	033	02	incident	text-light	local	2	5	8
033-03	033	02	incident	scene	local	0	0	0
033-04	033	02	incident	text-light	local	1	13	13
033-05	033	02	incident	scene	local	0	0	0
034-01	034	02	incident	text-heavy	text-fidelity	2	32	50
034-02	034	02	incident	text-heavy	text-fidelity	2	18	24
034-03	034	02	incident	dossier	structure	2	15	20
034-04	034	02	incident	text-heavy	text-fidelity	1	32	32
034-05	034	02	incident	scene	local	0	0	0
035-01	035	02	incident	scene	local	0	0	0
035-02	035	02	incident	scene	local	0	0	0
035-03	035	02	incident	text-heavy	text-fidelity	1	36	36
035-04	035	02	incident	scene	local	0	0	0
035-05	035	02	incident	scene	local	0	0	0
036-01	036	02	incident	text-heavy	text-fidelity	2	23	36
036-02	036	02	incident	text-heavy	text-fidelity	2	22	35
036-03	036	02	incident	scene	local	0	0	0
036-04	036	02	incident	scene	local	0	0	0
036-05	036	02	incident	scene	local	0	0	0
037-01	037	02	incident	text-heavy	text-fidelity	2	23	29
037-02	037	02	incident	text-light	local	1	6	6
037-03	037	02	incident	text-light	local	3	6	18
037-04	037	02	incident	text-heavy	text-fidelity	2	13	26
037-05	037	02	incident	dossier	structure	0	0	0
038-01	038	02	creator	portrait	reference	0	0	0
038-02	038	02	creator	portrait	reference	4	14	36
038-03	038	02	creator	portrait	reference	2	12	22
038-04	038	02	creator	scene	local	0	0	0
038-05	038	02	creator	portrait	reference	1	24	24
039-01	039	02	creator	portrait	reference	1	24	24
039-02	039	02	creator	scene	local	0	0	0
039-03	039	02	creator	text-heavy	text-fidelity	3	20	41
039-04	039	02	creator	portrait	reference	0	0	0
039-05	039	02	creator	scene	local	0	0	0
039-06	039	02	creator	portrait	reference	0	0	0
040-01	040	02	creator	portrait	reference	3	29	58
040-02	040	02	creator	scene	local	0	0	0
040-03	040	02	creator	portrait	reference	2	30	46
040-04	040	02	creator	portrait	reference	0	0	0
040-05	040	02	creator	text-heavy	text-fidelity	4	15	51
041-01	041	03	incident	dossier	structure	0	0	0
041-02	041	03	incident	dossier	structure	1	9	9
041-03	041	03	incident	text-heavy	text-fidelity	3	15	42
041-04	041	03	incident	figure	figures	1	13	13
041-05	041	03	incident	dossier	structure	0	0	0
042-01	042	03	incident	text-heavy	text-fidelity	2	33	65
042-02	042	03	incident	figure	figures	2	5	10
042-03	042	03	incident	figure	figures	1	5	5
042-04	042	03	incident	text-heavy	text-fidelity	2	19	32
042-05	042	03	incident	text-light	local	1	9	9
043-01	043	03	incident	scene	local	0	0	0
043-02	043	03	incident	text-light	local	1	9	9
043-03	043	03	incident	scene	local	0	0	0
043-04	043	03	incident	figure	figures	1	9	9
043-05	043	03	incident	text-heavy	text-fidelity	2	34	43
043-06	043	03	incident	figure	figures	0	0	0
044-01	044	03	incident	text-heavy	text-fidelity	2	30	36
044-02	044	03	incident	text-heavy	text-fidelity	2	30	55
044-03	044	03	incident	dossier	structure	2	14	19
044-04	044	03	incident	scene	local	0	0	0
044-05	044	03	incident	text-light	local	1	11	11
045-01	045	03	incident	text-heavy	text-fidelity	1	19	19
045-02	045	03	incident	figure	figures	1	9	9
045-03	045	03	incident	figure	figures	1	9	9
045-04	045	03	incident	text-heavy	text-fidelity	2	38	65
045-05	045	03	incident	figure	figures	1	9	9
046-01	046	03	incident	text-heavy	text-fidelity	1	28	28
046-02	046	03	incident	text-heavy	text-fidelity	1	30	30
046-03	046	03	incident	text-light	local	2	11	18
046-04	046	03	incident	text-heavy	text-fidelity	2	68	115
046-05	046	03	incident	figure	figures	1	9	9
047-01	047	03	incident	figure	figures	0	0	0
047-02	047	03	incident	scene	local	0	0	0
047-03	047	03	incident	scene	local	0	0	0
047-04	047	03	incident	scene	local	0	0	0
047-05	047	03	incident	figure	figures	1	15	15
048-01	048	03	incident	text-heavy	text-fidelity	1	30	30
048-02	048	03	incident	scene	local	0	0	0
048-03	048	03	incident	figure	figures	0	0	0
048-04	048	03	incident	diagram	structure	0	0	0
048-05	048	03	incident	scene	local	0	0	0
049-01	049	03	incident	scene	local	0	0	0
049-02	049	03	incident	scene	local	0	0	0
049-03	049	03	incident	figure	figures	0	0	0
049-04	049	03	incident	scene	local	0	0	0
049-05	049	03	incident	scene	local	0	0	0
050-01	050	03	incident	figure	figures	0	0	0
050-02	050	03	incident	diagram	structure	1	9	9
050-03	050	03	incident	diagram	structure	0	0	0
050-04	050	03	incident	text-light	local	1	9	9
050-05	050	03	incident	text-heavy	text-fidelity	1	16	16
051-01	051	03	incident	figure	figures	1	9	9
051-02	051	03	incident	text-heavy	text-fidelity	3	30	73
051-03	051	03	incident	text-heavy	text-fidelity	1	92	92
051-04	051	03	incident	text-heavy	text-fidelity	4	71	152
051-05	051	03	incident	text-heavy	text-fidelity	1	48	48
052-01	052	03	incident	dossier	structure	0	0	0
052-02	052	03	incident	scene	local	0	0	0
052-03	052	03	incident	figure	figures	0	0	0
052-04	052	03	incident	figure	figures	0	0	0
052-05	052	03	incident	scene	local	0	0	0
053-01	053	03	institutional	text-heavy	text-fidelity	1	45	45
053-02	053	03	institutional	figure	figures	0	0	0
053-03	053	03	institutional	figure	figures	0	0	0
053-04	053	03	institutional	figure	figures	0	0	0
053-05	053	03	institutional	text-heavy	text-fidelity	4	10	34
054-01	054	03	institutional	dossier	structure	0	0	0
054-02	054	03	institutional	scene	local	0	0	0
054-03	054	03	institutional	scene	local	0	0	0
054-04	054	03	institutional	diagram	structure	1	8	8
054-05	054	03	institutional	diagram	structure	0	0	0
055-01	055	03	institutional	scene	local	0	0	0
055-02	055	03	institutional	scene	local	0	0	0
055-03	055	03	institutional	scene	local	0	0	0
055-04	055	03	institutional	diagram	structure	0	0	0
055-05	055	03	institutional	scene	local	0	0	0
056-01	056	03	institutional	dossier	structure	0	0	0
056-02	056	03	institutional	text-light	local	1	11	11
056-03	056	03	institutional	scene	local	0	0	0
056-04	056	03	institutional	scene	local	0	0	0
056-05	056	03	institutional	diagram	structure	0	0	0
057-01	057	04	incident	scene	local	0	0	0
057-02	057	04	incident	scene	local	0	0	0
057-03	057	04	incident	scene	local	0	0	0
057-04	057	04	incident	scene	local	0	0	0
057-05	057	04	incident	scene	local	0	0	0
058-01	058	04	incident	dossier	structure	1	5	5
058-02	058	04	incident	text-light	local	1	5	5
058-03	058	04	incident	text-heavy	text-fidelity	2	37	67
058-04	058	04	incident	text-light	local	1	5	5
058-05	058	04	incident	text-light	local	1	5	5
059-01	059	04	incident	scene	local	0	0	0
059-02	059	04	incident	dossier	structure	0	0	0
059-03	059	04	incident	scene	local	0	0	0
059-04	059	04	incident	figure	figures	0	0	0
059-05	059	04	incident	scene	local	0	0	0
060-01	060	04	incident	dossier	structure	1	5	5
060-02	060	04	incident	scene	local	0	0	0
060-03	060	04	incident	scene	local	0	0	0
060-04	060	04	incident	scene	local	0	0	0
060-05	060	04	incident	text-heavy	text-fidelity	4	21	56
061-01	061	04	incident	figure	figures	0	0	0
061-02	061	04	incident	scene	local	0	0	0
061-03	061	04	incident	scene	local	0	0	0
061-04	061	04	incident	scene	local	0	0	0
061-05	061	04	incident	scene	local	0	0	0
062-01	062	04	incident	figure	figures	0	0	0
062-02	062	04	incident	scene	local	0	0	0
062-03	062	04	incident	scene	local	0	0	0
062-04	062	04	incident	scene	local	0	0	0
062-05	062	04	incident	scene	local	0	0	0
063-01	063	04	institutional	text-light	local	1	14	14
063-02	063	04	institutional	scene	local	0	0	0
063-03	063	04	institutional	scene	local	0	0	0
063-04	063	04	institutional	text-heavy	text-fidelity	1	73	73
063-05	063	04	institutional	scene	local	0	0	0
064-01	064	04	incident	dossier	structure	0	0	0
064-02	064	04	incident	text-light	local	1	9	9
064-03	064	04	incident	text-light	local	1	15	15
064-04	064	04	incident	text-light	local	1	13	13
065-01	065	04	incident	scene	local	0	0	0
065-02	065	04	incident	diagram	structure	0	0	0
065-03	065	04	incident	scene	local	0	0	0
065-04	065	04	incident	scene	local	0	0	0
065-05	065	04	incident	scene	local	0	0	0
066-01	066	04	incident	text-heavy	text-fidelity	1	24	24
066-02	066	04	incident	scene	local	0	0	0
066-03	066	04	incident	scene	local	0	0	0
066-04	066	04	incident	text-heavy	text-fidelity	1	51	51
066-05	066	04	incident	scene	local	0	0	0
067-01	067	04	dossier	text-light	local	1	12	12
067-02	067	04	dossier	dossier	structure	0	0	0
067-03	067	04	dossier	scene	local	0	0	0
068-01	068	04	incident	text-heavy	text-fidelity	1	37	37
068-02	068	04	incident	text-heavy	text-fidelity	1	78	78
068-03	068	04	incident	scene	local	0	0	0
068-04	068	04	incident	scene	local	0	0	0
068-05	068	04	incident	dossier	structure	0	0	0
069-01	069	04	incident	text-heavy	text-fidelity	2	37	46
069-02	069	04	incident	figure	figures	1	9	9
069-03	069	04	incident	figure	figures	1	9	9
069-04	069	04	incident	text-light	local	2	9	18
069-05	069	04	incident	scene	local	0	0	0
070-01	070	04	dossier	text-heavy	text-fidelity	3	37	78
070-02	070	04	dossier	text-light	local	1	9	9
070-03	070	04	dossier	text-heavy	text-fidelity	1	45	45
070-04	070	04	dossier	text-heavy	text-fidelity	3	43	56
070-05	070	04	dossier	text-light	local	3	5	15
071-01	071	04	incident	text-heavy	text-fidelity	1	37	37
071-02	071	04	incident	text-light	local	1	9	9
071-03	071	04	incident	text-light	local	1	9	9
071-04	071	04	incident	scene	local	0	0	0
071-05	071	04	incident	diagram	structure	1	9	9
072-01	072	04	incident	text-heavy	text-fidelity	1	37	37
072-02	072	04	incident	text-light	local	1	9	9
072-03	072	04	incident	text-heavy	text-fidelity	1	45	45
072-04	072	04	incident	diagram	structure	0	0	0
072-05	072	04	incident	text-light	local	1	9	9
073-01	073	04	creator	portrait	reference	0	0	0
073-02	073	04	creator	scene	local	0	0	0
073-03	073	04	creator	portrait	reference	3	33	61
073-04	073	04	creator	portrait	reference	5	15	38
073-05	073	04	creator	scene	local	0	0	0
074-01	074	04	creator	portrait	reference	3	5	13
074-02	074	04	creator	scene	local	0	0	0
074-03	074	04	creator	scene	local	0	0	0
074-04	074	04	creator	portrait	reference	0	0	0
074-05	074	04	creator	portrait	reference	1	30	30
075-01	075	05	institutional	text-heavy	text-fidelity	1	29	29
075-02	075	05	institutional	text-heavy	text-fidelity	2	44	72
075-03	075	05	institutional	scene	local	0	0	0
075-04	075	05	institutional	figure	figures	0	0	0
075-05	075	05	institutional	scene	local	0	0	0
076-01	076	05	institutional	figure	figures	0	0	0
076-02	076	05	institutional	diagram	structure	0	0	0
076-03	076	05	institutional	text-heavy	text-fidelity	1	60	60
076-04	076	05	institutional	text-light	local	1	11	11
076-05	076	05	institutional	figure	figures	0	0	0
077-01	077	05	institutional	text-light	local	2	11	21
077-02	077	05	institutional	scene	local	0	0	0
077-03	077	05	institutional	scene	local	0	0	0
077-04	077	05	institutional	figure	figures	0	0	0
077-05	077	05	institutional	scene	local	0	0	0
078-01	078	05	incident	figure	figures	0	0	0
078-02	078	05	incident	scene	local	0	0	0
078-03	078	05	incident	figure	figures	2	8	12
078-04	078	05	incident	text-heavy	text-fidelity	1	72	72
078-05	078	05	incident	text-heavy	text-fidelity	2	47	79
079-01	079	05	dossier	scene	local	0	0	0
079-02	079	05	dossier	scene	local	0	0	0
079-03	079	05	dossier	text-heavy	text-fidelity	1	42	42
079-04	079	05	dossier	scene	local	0	0	0
079-05	079	05	dossier	scene	local	0	0	0
080-01	080	05	institutional	figure	figures	0	0	0
080-02	080	05	institutional	figure	figures	0	0	0
080-03	080	05	institutional	text-heavy	text-fidelity	2	43	84
080-04	080	05	institutional	scene	local	0	0	0
080-05	080	05	institutional	scene	local	0	0	0
081-01	081	05	dossier	text-heavy	text-fidelity	1	41	41
081-02	081	05	dossier	text-heavy	text-fidelity	1	25	25
081-03	081	05	dossier	text-heavy	text-fidelity	5	32	85
081-04	081	05	dossier	scene	local	0	0	0
082-01	082	05	dossier	dossier	structure	0	0	0
082-02	082	05	dossier	scene	local	0	0	0
082-03	082	05	dossier	text-heavy	text-fidelity	1	58	58
082-04	082	05	dossier	text-heavy	text-fidelity	3	53	135
082-05	082	05	dossier	text-heavy	text-fidelity	1	48	48
083-01	083	05	incident	text-heavy	text-fidelity	2	62	97
083-02	083	05	incident	dossier	structure	0	0	0
083-03	083	05	incident	scene	local	0	0	0
083-04	083	05	incident	text-heavy	text-fidelity	1	46	46
083-05	083	05	incident	dossier	structure	2	8	13
084-01	084	05	creator	portrait	reference	0	0	0
084-02	084	05	creator	scene	local	0	0	0
084-03	084	05	creator	portrait	reference	1	56	56
084-04	084	05	creator	scene	local	0	0	0
084-05	084	05	creator	portrait	reference	1	27	27
085-01	085	05	institutional	portrait	reference	0	0	0
085-02	085	05	institutional	scene	local	0	0	0
085-03	085	05	institutional	scene	local	0	0	0
085-04	085	05	institutional	portrait	reference	0	0	0
085-05	085	05	institutional	scene	local	0	0	0
086-01	086	05	creator	portrait	reference	1	24	24
086-02	086	05	creator	text-heavy	text-fidelity	4	21	48
086-03	086	05	creator	portrait	reference	1	63	63
086-04	086	05	creator	portrait	reference	1	61	61
086-05	086	05	creator	portrait	reference	1	37	37
086-06	086	05	creator	portrait	reference	1	24	24
086-07	086	05	creator	portrait	reference	6	13	53
087-01	087	05	creator	portrait	reference	0	0	0
087-02	087	05	creator	portrait	reference	0	0	0
087-03	087	05	creator	scene	local	0	0	0
087-04	087	05	creator	portrait	reference	0	0	0
087-05	087	05	creator	text-heavy	text-fidelity	2	26	49
088-01	088	05	creator	portrait	reference	0	0	0
088-02	088	05	creator	scene	local	0	0	0
088-03	088	05	creator	scene	local	0	0	0
088-04	088	05	creator	portrait	reference	0	0	0
088-05	088	05	creator	portrait	reference	1	9	9
089-01	089	06	incident	diagram	structure	0	0	0
089-02	089	06	incident	scene	local	0	0	0
089-03	089	06	incident	scene	local	0	0	0
089-04	089	06	incident	scene	local	0	0	0
089-05	089	06	incident	scene	local	0	0	0
090-01	090	06	incident	scene	local	0	0	0
090-02	090	06	incident	scene	local	0	0	0
090-03	090	06	incident	figure	figures	0	0	0
090-04	090	06	incident	diagram	structure	0	0	0
090-05	090	06	incident	text-heavy	text-fidelity	4	39	84
091-01	091	06	dossier	text-heavy	text-fidelity	1	29	29
091-02	091	06	dossier	scene	local	0	0	0
091-03	091	06	dossier	scene	local	0	0	0
091-04	091	06	dossier	scene	local	0	0	0
091-05	091	06	dossier	scene	local	0	0	0
092-01	092	06	dossier	text-heavy	text-fidelity	3	41	74
092-02	092	06	dossier	scene	local	0	0	0
092-03	092	06	dossier	text-heavy	text-fidelity	2	51	79
092-04	092	06	dossier	scene	local	0	0	0
092-05	092	06	dossier	scene	local	0	0	0
093-01	093	06	institutional	text-heavy	text-fidelity	1	37	37
093-02	093	06	institutional	scene	local	0	0	0
093-03	093	06	institutional	scene	local	0	0	0
093-04	093	06	institutional	scene	local	0	0	0
094-01	094	06	incident	scene	local	0	0	0
094-02	094	06	incident	scene	local	0	0	0
094-03	094	06	incident	text-heavy	text-fidelity	3	21	34
094-04	094	06	incident	scene	local	0	0	0
094-05	094	06	incident	text-light	local	2	6	11
095-01	095	06	dossier	dossier	structure	0	0	0
095-02	095	06	dossier	dossier	structure	0	0	0
095-03	095	06	dossier	dossier	structure	0	0	0
095-04	095	06	dossier	portrait	reference	0	0	0
095-05	095	06	dossier	scene	local	0	0	0
096-01	096	06	institutional	scene	local	0	0	0
096-02	096	06	institutional	figure	figures	0	0	0
096-03	096	06	institutional	scene	local	0	0	0
096-04	096	06	institutional	scene	local	0	0	0
097-01	097	06	institutional	figure	figures	0	0	0
097-02	097	06	institutional	figure	figures	0	0	0
097-03	097	06	institutional	scene	local	0	0	0
097-04	097	06	institutional	scene	local	0	0	0
098-01	098	06	incident	diagram	structure	0	0	0
098-02	098	06	incident	scene	local	0	0	0
098-03	098	06	incident	scene	local	0	0	0
098-04	098	06	incident	scene	local	0	0	0
099-01	099	06	institutional	scene	local	0	0	0
099-02	099	06	institutional	text-heavy	text-fidelity	5	26	93
099-03	099	06	institutional	figure	figures	0	0	0
099-04	099	06	institutional	text-heavy	text-fidelity	4	18	64
100-01	100	06	institutional	figure	figures	0	0	0
100-02	100	06	institutional	figure	figures	0	0	0
100-03	100	06	institutional	figure	figures	0	0	0
100-04	100	06	institutional	figure	figures	0	0	0
100-05	100	06	institutional	text-heavy	text-fidelity	1	16	16
101-01	101	06	institutional	figure	figures	0	0	0
101-02	101	06	institutional	scene	local	0	0	0
101-03	101	06	institutional	text-light	local	2	7	14
101-04	101	06	institutional	figure	figures	1	6	6
101-05	101	06	institutional	dossier	structure	0	0	0
101-06	101	06	institutional	figure	figures	0	0	0
102-01	102	06	institutional	figure	figures	0	0	0
102-02	102	06	institutional	figure	figures	0	0	0
102-03	102	06	institutional	figure	figures	0	0	0
102-04	102	06	institutional	figure	figures	0	0	0
102-05	102	06	institutional	dossier	structure	1	13	13
103-01	103	06	institutional	figure	figures	0	0	0
103-02	103	06	institutional	scene	local	0	0	0
103-03	103	06	institutional	scene	local	0	0	0
103-04	103	06	institutional	figure	figures	0	0	0
103-05	103	06	institutional	scene	local	0	0	0
104-01	104	06	invented future	text-heavy	text-fidelity	5	15	55
104-02	104	06	invented future	diagram	structure	0	0	0
104-03	104	06	invented future	scene	local	0	0	0
104-04	104	06	invented future	scene	local	0	0	0
104-05	104	06	invented future	portrait	reference	0	0	0
105-01	105	epilogue	creator	scene	local	0	0	0
105-02	105	epilogue	creator	portrait	reference	4	13	39
105-03	105	epilogue	creator	scene	local	0	0	0
105-04	105	epilogue	creator	scene	local	0	0	0
105-05	105	epilogue	creator	portrait	reference	0	0	0
106-01	106	epilogue	creator	portrait	reference	0	0	0
106-02	106	epilogue	creator	text-heavy	text-fidelity	4	27	85
106-03	106	epilogue	creator	portrait	reference	0	0	0
106-04	106	epilogue	creator	portrait	reference	0	0	0
106-05	106	epilogue	creator	diagram	structure	0	0	0
107-01	107	epilogue	creator	portrait	reference	0	0	0
107-02	107	epilogue	creator	scene	local	0	0	0
107-03	107	epilogue	creator	portrait	reference	1	35	35
107-04	107	epilogue	creator	dossier	structure	0	0	0
107-05	107	epilogue	creator	portrait	reference	0	0	0
108-01	108	epilogue	creator	portrait	reference	0	0	0
108-02	108	epilogue	creator	portrait	reference	4	22	69
108-03	108	epilogue	creator	portrait	reference	1	7	7
108-04	108	epilogue	creator	portrait	reference	1	6	6
108-05	108	epilogue	creator	scene	local	0	0	0
109-01	109	epilogue	invented future	scene	local	0	0	0
109-02	109	epilogue	invented future	scene	local	0	0	0
109-03	109	epilogue	invented future	scene	local	0	0	0
109-04	109	epilogue	invented future	diagram	structure	0	0	0
109-05	109	epilogue	invented future	scene	local	0	0	0
110-01	110	epilogue	invented future	diagram	structure	0	0	0
110-02	110	epilogue	invented future	scene	local	0	0	0
110-03	110	epilogue	invented future	scene	local	0	0	0
110-04	110	epilogue	invented future	scene	local	0	0	0
110-05	110	epilogue	invented future	scene	local	0	0	0
111-01	111	epilogue	invented future	scene	local	0	0	0
111-02	111	epilogue	invented future	scene	local	0	0	0
111-03	111	epilogue	invented future	scene	local	0	0	0
111-04	111	epilogue	invented future	scene	local	0	0	0
111-05	111	epilogue	invented future	scene	local	0	0	0
112-01	112	epilogue	invented future	dossier	structure	0	0	0
112-02	112	epilogue	invented future	scene	local	0	0	0
112-03	112	epilogue	invented future	scene	local	0	0	0
